title,image_url,price,link
Beyonca Teddy Bear Crop Top,https://us.brandymelville.com/cdn/shop/files/MCH570H-686TS002V921AH_0_533x.jpg?v=1691531424,$18,https://us.brandymelville.com/products/beyonca-teddy-bear-crop-top
Ashlyn Teddy Bear Top,https://us.brandymelville.com/cdn/shop/files/MD034-166TS071V921AD_01_533x.jpg?v=1691531453,$20,https://us.brandymelville.com/products/ashlyn-teddy-bear-top-1
Ashlyn I'll Meet You In New York Top,https://us.brandymelville.com/cdn/shop/files/MD034-166TS015V018AD_0_533x.jpg?v=1691178181,$20,https://us.brandymelville.com/products/ashlyn-ill-meet-you-in-new-york-top
Chloe 14 Top,https://us.brandymelville.com/cdn/shop/files/MLA002-1086SS67V864002_0_533x.jpg?v=1691030778,$23,https://us.brandymelville.com/products/chloe-14-top-4
Beyonca Radio Silence Top,https://us.brandymelville.com/cdn/shop/files/MCH570H-482PTS015V862AH_01_533x.jpg?v=1691030767,$18,https://us.brandymelville.com/products/beyonca-radio-silence-top
Ashlyn Teddy Bear Top,https://us.brandymelville.com/cdn/shop/files/MD034-166TS071V940AD_0_533x.jpg?v=1691030659,$20,https://us.brandymelville.com/products/ashlyn-teddy-bear-top
Hailie Radio Silence Top,https://us.brandymelville.com/cdn/shop/files/MD159-8166S015V94600_0_533x.jpg?v=1690918813,$20,https://us.brandymelville.com/products/hailie-radio-silence-top-1
Ashlyn Swiss Deer Top,https://us.brandymelville.com/cdn/shop/files/MD034-166TS034V270AD_04_533x.jpg?v=1687998234,$18,https://us.brandymelville.com/products/ashlyn-swiss-deer-top
Ashlyn Snow Lodge Yellowstone Bear Top,https://us.brandymelville.com/cdn/shop/files/MD034-166TS071V837AD_01_533x.jpg?v=1686945516,$20,https://us.brandymelville.com/products/ashlyn-snow-lodge-yellowstone-bear-top
Chloe 14 Top,https://us.brandymelville.com/cdn/shop/files/MLA002-1095TS162V864072_01_533x.jpg?v=1686779745,$23,https://us.brandymelville.com/products/chloe-14-top-1
Chloe Back In The USA Top Live Top,https://us.brandymelville.com/cdn/shop/files/MLA002-1095TS162V862072_00_533x.jpg?v=1687049559,$23,https://us.brandymelville.com/products/chloe-back-in-the-usa-top-live-top
Chloe Basement Studios Top,https://us.brandymelville.com/cdn/shop/files/MLA002-1095TSU25V669Z27_01_533x.jpg?v=1685045774,$23,https://us.brandymelville.com/products/chloe-basement-studios-top
Penelope Radio Silence Stage Crew Top,https://us.brandymelville.com/cdn/shop/files/MH287-1095SU25V93100_0_d57f285b-498f-4674-b942-578cc75e23ea_533x.jpg?v=1686682431,$26,https://us.brandymelville.com/products/penelope-radio-silence-stage-crew-top-1
Ashlyn Reading Cherub Shirt,https://us.brandymelville.com/cdn/shop/products/MD034-166TS071V842AD_0_533x.jpg?v=1680203726,$20,https://us.brandymelville.com/products/ashlyn-reading-cherub-shirt
Chloe 14 Top,https://us.brandymelville.com/cdn/shop/files/MLA002-1086S015V86400-5_533x.jpg?v=1690979852,$23,https://us.brandymelville.com/products/chloe-14-top
Penelope New York City Landmarks Top,https://us.brandymelville.com/cdn/shop/products/MH287-1095S162V861B5_0_533x.jpg?v=1677891240,$26,https://us.brandymelville.com/products/penelope-new-york-city-landmarks-top
Penelope Chill Since Beach Boys Top,https://us.brandymelville.com/cdn/shop/products/MH287-1095S005V83400_0_533x.jpg?v=1677891205,$26,https://us.brandymelville.com/products/penelope-chill-since-beach-boys-top
Chloe Sound Money Top,https://us.brandymelville.com/cdn/shop/products/MLA002-8005S015V52600_0_533x.jpg?v=1674201203,$23,https://us.brandymelville.com/products/chloe-sound-money-top-1
Christy Boston Hoodie,https://us.brandymelville.com/cdn/shop/products/MDA110-Z380SZ69T01600_0_533x.jpg?v=1674200993,$48,https://us.brandymelville.com/products/christy-boston-hoodie-3
Christy Miami Hoodie,https://us.brandymelville.com/cdn/shop/products/MDA110-Z380ST41V27900_02_533x.jpg?v=1674201216,$42,https://us.brandymelville.com/products/christy-miami-hoodie
Chloe Sound Money Top black,https://cdn.shopify.com/s/files/1/0455/9827/7796/products/MLA002-1086SU25V526072_1_533x.jpg?v=1660165574,$23,https://us.brandymelville.com/products/chloe-sound-money-top
Bella Radio Silence Top,https://cdn.shopify.com/s/files/1/0455/9827/7796/products/MW873ML-686TS254V487BCAJ_1_533x.jpg?v=1654033655,$22,https://us.brandymelville.com/products/bella-radio-silence-top
Christy Boston Hoodie,https://cdn.shopify.com/s/files/1/0455/9827/7796/products/MDA110-Z380S072V449A42_0_533x.jpg?v=1674200973,$42,https://us.brandymelville.com/products/christy-boston-hoodie-1
Christy North Shore Hawaii Hoodie,https://cdn.shopify.com/s/files/1/0455/9827/7796/products/MDA110-Z298SGGGS867072-2_533x.jpg?v=1659484428,$42,https://us.brandymelville.com/products/christy-north-shore-hawaii-hoodie-1
Christy New York Hoodie,https://cdn.shopify.com/s/files/1/0455/9827/7796/products/MDA110Z-Z380SC05S33800_0_533x.jpg?v=1676066815,$45,https://us.brandymelville.com/products/christy-new-york-hoodie-7
Erica Georgetown Sweatshirt,https://cdn.shopify.com/s/files/1/0455/9827/7796/products/MJB033-Z087S072V68600_0_533x.jpg?v=1680718741,$42,https://us.brandymelville.com/products/erica-george-town-sweatshirt-2
Beyonca Hawaii Tank,https://cdn.shopify.com/s/files/1/0455/9827/7796/products/MCH570-Z166S071V14100_1_533x.jpg?v=1615939364,$20,https://us.brandymelville.com/products/beyonca-hawaii-tank
Christy New York Hoodie,https://cdn.shopify.com/s/files/1/0455/9827/7796/products/MDA110-STS009S338BS_1_533x.jpg?v=1614197483,$42,https://us.brandymelville.com/products/christy-new-york-hoodie-3
Christy Maine Hoodie,https://cdn.shopify.com/s/files/1/0455/9827/7796/products/MDA110-Z087SZ47V26900_1_533x.jpg?v=1625634932,$48,https://us.brandymelville.com/products/christy-maine-hoodie-z8-7s-z4-7v2-69
Erica Malibu Sweatshirt,https://cdn.shopify.com/s/files/1/0455/9827/7796/files/MJB033-STS009S241BS_0_533x.jpg?v=1690937094,From $32,https://us.brandymelville.com/products/erica-malibu-sweatshirt-mjb-33-sts-9s-24-1bs
