,title,image_url
0,"Saint Laurent
                 
                    Gold SL 302 Sunglasses
                  
                    $675","https:https://img.ssensemedia.com/images/b_white,c_lpad,g_south,h_1086,w_724/c_scale,h_748/f_auto,q_auto/232418F005039_1/saint-laurent-gold-sl-302-sunglasses.jpg"
1,"Saint Laurent
                 
                    SSENSE Exclusive Silver SL 606 Sunglasses
                  
                    $825","https:https://img.ssensemedia.com/images/b_white,c_lpad,g_south,h_1086,w_724/c_scale,h_748/f_auto,q_auto/232418F005066_1/saint-laurent-ssense-exclusive-silver-sl-606-sunglasses.jpg"
2,"Saint Laurent
                 
                    Gold SL 536 Sunglasses
                  
                    $590","https:https://img.ssensemedia.com/images/b_white,c_lpad,g_south,h_1086,w_724/c_scale,h_748/f_auto,q_auto/232418F005064_1/saint-laurent-gold-sl-536-sunglasses.jpg"
3,"Saint Laurent
                 
                    Silver SL 301 Sunglasses
                  
                    $675","https:https://img.ssensemedia.com/images/b_white,c_lpad,g_south,h_1086,w_724/c_scale,h_748/f_auto,q_auto/232418F005042_1/saint-laurent-silver-sl-301-sunglasses.jpg"
4,"Saint Laurent
                 
                    Gold SL 605 Luna Sunglasses
                  
                    $890","https:https://img.ssensemedia.com/images/b_white,c_lpad,g_south,h_1086,w_724/c_scale,h_748/f_auto,q_auto/232418F005033_1/saint-laurent-gold-sl-605-luna-sunglasses.jpg"
5,"Saint Laurent
                 
                    Brown SL 590 Sunglasses
                  
                    $460","https:https://img.ssensemedia.com/images/b_white,c_lpad,g_south,h_1086,w_724/c_scale,h_748/f_auto,q_auto/232418F005009_1/saint-laurent-brown-sl-590-sunglasses.jpg"
6,"Saint Laurent
                 
                    Transparent SL 598 Glasses
                  
                    $560","https:https://img.ssensemedia.com/images/b_white,c_lpad,g_south,h_1086,w_724/c_scale,h_748/f_auto,q_auto/232418F004003_1/saint-laurent-transparent-sl-598-glasses.jpg"
7,"Saint Laurent
                 
                    Tortoiseshell SL 596 Sunglasses
                  
                    $560","https:https://img.ssensemedia.com/images/b_white,c_lpad,g_south,h_1086,w_724/c_scale,h_748/f_auto,q_auto/232418F005021_1/saint-laurent-tortoiseshell-sl-596-sunglasses.jpg"
8,"Saint Laurent
                 
                    Black SL M119 Blaze Sunglasses
                  
                    $1075","https:https://img.ssensemedia.com/images/b_white,c_lpad,g_south,h_1086,w_724/c_scale,h_748/f_auto,q_auto/232418F005012_1/saint-laurent-black-sl-m119-blaze-sunglasses.jpg"
9,"Rick Owens
                 
                    Brown Dagger Coat
                  
                    $3660","https:https://img.ssensemedia.com/images/b_white,c_lpad,g_south,h_1086,w_724/c_scale,h_748/f_auto,q_auto/232232F059003_1/rick-owens-brown-dagger-coat.jpg"
10,"ALAÏA
                 
                    Black Travel Coat
                  
                    $3290","https:https://img.ssensemedia.com/images/b_white,c_lpad,g_south,h_1086,w_724/c_scale,h_748/f_auto,q_auto/232483F059000_1/alaia-black-travel-coat.jpg"
11,"ALAÏA
                 
                    Blue Mirror Trench Coat
                  
                    $5640","https:https://img.ssensemedia.com/images/b_white,c_lpad,g_south,h_1086,w_724/c_scale,h_748/f_auto,q_auto/232483F067001_1/alaia-blue-mirror-trench-coat.jpg"
12,"ALAÏA
                 
                    Black Sculpting Maxi Dress
                  
                    $4680","https:https://img.ssensemedia.com/images/b_white,c_lpad,g_south,h_1086,w_724/c_scale,h_748/f_auto,q_auto/232483F055009_1/alaia-black-sculpting-maxi-dress.jpg"
13,"ALAÏA
                 
                    Black Hooded Maxi Dress
                  
                    $4070","https:https://img.ssensemedia.com/images/b_white,c_lpad,g_south,h_1086,w_724/c_scale,h_748/f_auto,q_auto/232483F055008_1/alaia-black-hooded-maxi-dress.jpg"
14,"ALAÏA
                 
                    White Button Shirt
                  
                    $1390","https:https://img.ssensemedia.com/images/b_white,c_lpad,g_south,h_1086,w_724/c_scale,h_748/f_auto,q_auto/232483F109002_1/alaia-white-button-shirt.jpg"
15,"ALAÏA
                 
                    Black Gathered Coat
                  
                    $6570","https:https://img.ssensemedia.com/images/b_white,c_lpad,g_south,h_1086,w_724/c_scale,h_748/f_auto,q_auto/232483F059001_1/alaia-black-gathered-coat.jpg"
16,"ALAÏA
                 
                    Blue Hooded Denim Jacket
                  
                    $1550","https:https://img.ssensemedia.com/images/b_white,c_lpad,g_south,h_1086,w_724/c_scale,h_748/f_auto,q_auto/232483F060003_1/alaia-blue-hooded-denim-jacket.jpg"
17,"ALAÏA
                 
                    Navy Ribbed Sweater
                  
                    $2180","https:https://img.ssensemedia.com/images/b_white,c_lpad,g_south,h_1086,w_724/c_scale,h_748/f_auto,q_auto/232483F100001_1/alaia-navy-ribbed-sweater.jpg"
18,"Miu Miu
                 
                    White Embroidered T-Shirt
                  
                    $875","https:https://img.ssensemedia.com/images/b_white,c_lpad,g_south,h_1086,w_724/c_scale,h_748/f_auto,q_auto/232838F110001_1/miu-miu-white-embroidered-t-shirt.jpg"
19,"Burberry
                 
                    Tan Four-Pocket Trousers
                  
                    $1050","https:https://img.ssensemedia.com/images/b_white,c_lpad,g_south,h_1086,w_724/c_scale,h_748/f_auto,q_auto/232376F087001_1/burberry-tan-four-pocket-trousers.jpg"
